occ,n_aus,n_subjects,n_events,duration,session_pct,fullface_pct,proto,cluster
12,1,44,1236,861.16,0.0028496998804334547,0.0906387465590515,"cordaro2018_contentment_1
fig2002_happiness_2
keltner2019_contentment_1",B
12+25+26,3,43,553,313.321,0.00103682337340017,0.03297763796580029,,B
4,1,42,506,300.175,9.93321405556589e-4,0.03159399617767115,cordaro2018_sadness_1,A
12+25,2,42,524,285.918,9.461429820402394e-4,0.030093419502381546,du2014_happiness_1,B
1+2,2,41,427,249.188,8.245982323905565e-4,0.026227516347202526,,C
6+12,2,38,226,202.88,6.713585300552038e-4,0.021353510267430407,"fig2002_happiness_1
matsumoto2008_happiness_1
matsumoto2008_happiness_1",B
1+2+12,3,39,275,183.859,6.084153587215088e-4,0.01935151342793517,keltner2019_interest_1,C
6+12+25+26,4,36,197,153.02700000000002,5.063879228053908e-4,0.016106386118365897,,B
17,1,38,274,116.762,3.8638192372981913e-4,0.012289425107677984,,A
14,1,37,233,102.743,3.399910757761327e-4,0.010813898390213931,,NA
24,1,38,241,95.039,3.1449745336118156e-4,0.01000303757051616,,NA
1+2+5+12,4,28,118,89.251,2.953441451397722e-4,0.009393839436506464,,C
4+25,2,34,181,87.669,2.9010908404677473e-4,0.009227330893313073,,A
1+2+12+25+26,5,29,180,83.125,2.750723472537402e-4,0.008749066152307534,,C
1+2+5,3,30,117,75.813,2.5087590811846987e-4,0.007979464086675382,"fig2002_surprise_3
fig2002_fear_17",C
6+12+25,3,35,115,73.181,2.4216624895489878e-4,0.007702441023663371,du2014_happiness_2,B
1+2+25+26,4,36,168,69.523,2.3006141110522443e-4,0.0073174294870000205,du2014_surprise_1,C
23,1,26,127,60.12,1.989455580979833e-4,0.0063277456490433565,,NA
4+12,2,27,76,58.557,1.9377337068435808e-4,0.006163236892399066,,B
4+23,2,15,69,54.877,1.8159573173225264e-4,0.005775909813415706,,NA
15,1,32,100,48.851,1.6165484794818e-4,0.005141661721580456,,NA
1+2+25,3,29,107,48.464,1.6037421037359717e-4,0.005100929227133021,,C
14+17,2,29,85,46.394,1.5352428846303787e-4,0.004883057745204881,,NA
1+2+5+12+25+26,6,26,83,45.254,1.4975186770070087e-4,0.00476307055225895,cordaro2018_awe_1,C
17+24,2,30,92,42.322,1.4004946623125166e-4,0.004454471912155904,,NA
4+12+25,3,22,69,39.522,1.307838713763888e-4,0.004159766525972913,,B
4+24,2,23,71,39.485,1.3066143315866385e-4,0.0041558722047983524,,NA
18+25,2,25,108,39.447,1.3053568579991928e-4,0.004151872631700155,,A
4+25+26,3,29,75,37.071,1.2267316673736424e-4,0.0039017940611391594,,A
20+25,2,27,88,36.281,1.2005894533188509e-4,0.0038186450414661012,,A
5,1,27,88,35.713,1.1817935323275578e-4,0.003758861948840409,,A
1+2+12+25,4,27,80,35.271,1.1671671290209529e-4,0.0037123405985929514,,C
18,1,32,119,35.092,1.1612437665958797e-4,0.003693500504261967,,A
1+2+5+25+26,5,25,66,34.695,1.1481064767480922e-4,0.0036517154905781647,"cordaro2018_surprise_1
du2014_surprise_2
fig2002_fear_21
keltner2019_surprise_1",C
4+12+25+26,4,22,55,34.489,1.1412896462477287e-4,0.003630033594308987,,B
20,1,33,104,33.547,1.1101175378431545e-4,0.003530886282243138,,A
1,1,30,68,32.103,1.0623335415202192e-4,0.003378902504511625,,A
4+14,2,22,67,31.735,1.0501559025681137e-4,0.003340169796613289,,NA
12+17,2,21,54,29.507,9.764282406515624e-5,0.0031056685107505376,,B
5+12,2,17,43,28.376,9.390018557199557e-5,0.002986628585117337,,B
17+23,2,24,68,28.342,9.378767477732938e-5,0.002983050019713686,,NA
4+17,2,27,62,26.808,8.871145245327238e-5,0.002821593568854862,cordaro2018_shame_1,A
19+25+26,3,26,63,22.498,7.444905465882283e-5,0.00236795777798033,keltner2019_desire_1,NA
4+15,2,18,38,22.159,7.33272558531805e-5,0.0023322773758674606,du2014_sadness_1,NA
7,1,11,27,21.991,7.277132016188873e-5,0.0023145950526964813,,A
6,1,13,29,19.198,6.352888929416307e-5,0.002020626429978948,,A
1+4,2,16,37,19.026,6.295971703879292e-5,0.0020025230991134214,,A
4+20+25,3,19,50,17.396,5.756581717685491e-5,0.0018309624635854662,,A
4+14+17,3,12,31,16.348,5.409783738832054e-5,0.0017206584476141182,,NA
1+2+5+25,4,15,30,16.232,5.371397703004765e-5,0.0017084492244722515,fig2002_fear_18,C
4+17+23,3,12,25,15.563,5.1500161687939355e-5,0.0016380356875592443,,NA
4+18,2,18,45,15.556000000000001,5.14769977008022e-5,0.0016372989240937867,,A
1+2+18+25,4,18,40,15.175,5.021621497233694e-5,0.0015971979411881726,,C
4+20,2,17,40,14.573,4.8224112078541426e-5,0.0015338362831588295,,A
4+18+25,3,18,39,14.33,4.7419990810780116e-5,0.0015082600657150916,,A
20+25+26,3,19,40,14.168000000000001,4.6883909965605916e-5,0.001491209254085933,,A
1+25,2,14,33,13.865,4.588124023666897e-5,0.0014593179212239876,,A
1+2+18,3,17,35,13.843,4.5808439134237904e-5,0.0014570023789039785,,C
1+2+17,3,21,37,13.346,4.416379604749975e-5,0.0014046921728564977,,C
10+25,2,13,28,13.289,4.39751750093829e-5,0.001398692813209201,matsumoto2008_disgust_6,A
4+12+17,3,8,12,13.116999999999999,4.3406002754012754e-5,0.0013805894823436743,,A
1+2+14,3,18,32,13.079,4.328025539526819e-5,0.0013765899092454768,,NA
4+17+24,3,15,27,12.906,4.2707773998878454e-5,0.0013583813264563135,,NA
1+2+12+17,4,10,25,12.88,4.262173633236901e-5,0.001355644776441757,,C
15+25,2,13,30,12.542,4.150324666774628e-5,0.0013200696262525246,,NA
12+24,2,15,28,12.533,4.1473464398569934e-5,0.0013191223589397935,,NA
1+2+20,3,10,29,12.365,4.091752870727817e-5,0.0013014400357688142,,C
17+18,2,18,33,12.097,4.003067891402701e-5,0.0012732325202341563,,A
5+12+25+26,4,12,24,11.822000000000001,3.91206651336387e-5,0.0012442882412340413,,B
1+2+20+25,4,18,34,11.81,3.908095544140357e-5,0.0012430252181504,,C
4+7+23,3,1,3,11.696,3.870371336516987e-5,0.0012310264988558066,fig2002_anger_51,NA
10,1,13,25,11.246,3.721459990635263e-5,0.0011836631332192546,"fig2002_disgust_6
matsumoto2008_disgust_5",A
16+25,2,5,13,11.045,3.654946256141426e-5,0.0011625074965682612,,NA
5+25+26,3,15,28,10.838,3.586447037035833e-5,0.0011407203483754472,,A
9+12+25+26,4,10,16,10.67,3.530853467906656e-5,0.0011230380252044679,,NA
9+25,2,11,21,10.093,3.33991603107609e-5,0.0010623076652660445,matsumoto2008_disgust_2,NA
18+25+26,3,19,40,9.752,3.2270743223079395e-5,0.0010264167593059018,,A
8+12,2,2,15,9.616,3.1820700044414625e-5,0.0010121024976912994,,NA
12+19+25+26,4,13,31,9.474,3.1350802019632296e-5,9.971567245348762e-4,,NA
22+25,2,11,23,9.277,3.06989012387723e-5,9.764220955784301e-4,,NA
9+25+26,3,13,26,9.171,3.0348132290695354e-5,9.652653916729312e-4,matsumoto2008_disgust_4,NA
1+17,2,8,19,8.939,2.958041157414958e-5,9.408469453891977e-4,,A
2+12,2,9,11,8.802999999999999,2.913036839548481e-5,9.265326837745952e-4,,C
23+25,2,6,15,8.733,2.8898728524113242e-5,9.191650491200206e-4,,NA
6+12+19+25+26,5,10,13,8.393,2.7773620577451328e-5,8.833793950835145e-4,,NA
1+2+20+25+26,5,15,22,8.257,2.732357739878656e-5,8.690651334689121e-4,,C
12+20+25,3,12,15,8.087,2.6761023425455603e-5,8.511723064506591e-4,,B
1+2+5+18,4,10,13,8.084999999999999,2.6754405143416413e-5,8.509618026033855e-4,,C
10+12+17+19+25+26,6,1,1,8.058,2.666505833588738e-5,8.481200006651924e-4,,NA
9,1,14,20,7.646,2.5301692235814708e-5,8.04756208126838e-4,"fig2002_disgust_1
matsumoto2008_disgust_1",NA
1+2+5+12+25,5,11,17,7.303,2.416665686609401e-5,7.686547983194217e-4,,C
1+4+15,3,9,14,7.268,2.4050836930408225e-5,7.649709809921343e-4,"du2014_sadness_2
fig2002_sadness_9
fig2002_sadness_13
matsumoto2008_sadness_2",NA
1+2+24,3,15,24,7.166,2.3713304546409655e-5,7.542352847811826e-4,,NA
4+7,2,9,13,7.068,2.338900872648945e-5,7.439205962647778e-4,"cordaro2018_anger_1
cordaro2018_confusion_1
keltner2019_confusion_1",A
1+2+23,3,10,16,7.064,2.3375772162411077e-5,7.434995885702308e-4,,NA
1+12,2,11,17,6.996,2.3150750573078696e-5,7.363424577629295e-4,,B
5+25,2,12,16,6.932,2.2938965547824687e-5,7.296063346501755e-4,,A
15+17,2,11,15,6.861,2.2704016535433523e-5,7.221334480719639e-4,,NA
1+4+25+26,4,6,10,6.792,2.2475685805081545e-5,7.148710653410258e-4,,A
6+24,2,2,10,6.76,2.2369793292454542e-5,7.115030037846489e-4,,NA
4+17+18,3,5,9,6.754,2.2349938446336976e-5,7.108714922428282e-4,,A
22,1,9,13,6.56,2.1707965088535767e-5,6.904526190572923e-4,,NA
4+16+25,3,8,10,6.5280000000000005,2.1602072575908768e-5,6.870845575009154e-4,,NA
4+12+20+25,4,4,7,6.389,2.114210197418522e-5,6.724545401154027e-4,,A
10+25+26,3,12,18,6.3870000000000005,2.1135483692146032e-5,6.722440362681291e-4,matsumoto2008_disgust_8,A
1+2+15,3,9,17,6.381,2.1115628846028466e-5,6.716125247263083e-4,,NA
1+4+25,3,10,13,6.285,2.0797951308147455e-5,6.615083400571773e-4,,A
4+6+12,3,6,10,6.255,2.069867707755964e-5,6.583507823480737e-4,,B
12+17+25+26,4,5,8,6.253,2.0692058795520452e-5,6.581402785008002e-4,,B
1+20+25,3,10,16,6.181,2.0453800642109694e-5,6.505621399989519e-4,,A
17+33,2,3,7,5.947,1.9679461643524727e-5,6.259331898679448e-4,,NA
2,1,16,21,5.914,1.9570259989878128e-5,6.22459876387931e-4,,C
4+5,2,7,9,5.914,1.9570259989878128e-5,6.22459876387931e-4,,A
1+2+5+18+25+26,6,5,11,5.843,1.9335310977486967e-5,6.149869898097194e-4,,C
1+2+10,3,6,7,5.745,1.9011015157566765e-5,6.046723012933147e-4,,C
17+19+25+26,4,11,19,5.741,1.899777859348839e-5,6.042512935987676e-4,,NA
7+12,2,5,7,5.4399999999999995,1.8001727146590637e-5,5.72570464584096e-4,cordaro2018_pride_1,A
1+24,2,6,9,5.265,1.742262746816171e-5,5.541513779476592e-4,,NA
1+2+15+25,4,6,8,5.199,1.7204224160868514e-5,5.472047509876316e-4,,NA
1+2+14+17,4,6,12,5.164,1.7088404225182728e-5,5.435209336603442e-4,,NA
1+2+5+18+25,5,8,9,5.128,1.6969275148477353e-5,5.3973186440942e-4,,C
1+12+25,3,5,15,5.083,1.6820363802595628e-5,5.349955278457648e-4,,B
4+6+12+17,4,3,4,5.031,1.6648288469576745e-5,5.295224278166522e-4,,B
1+15,2,9,13,4.855,1.6065879650128227e-5,5.109980892565785e-4,matsumoto2008_sadness_1,NA
17+25+26+32,4,8,10,4.758,1.574489297122762e-5,5.007886526638105e-4,,NA
4+22+25,3,7,11,4.756,1.5738274689188432e-5,5.00578148816537e-4,,NA
12+17+20,3,1,1,4.726,1.5639000458600616e-5,4.974205911074336e-4,,A
1+25+26,3,8,12,4.721,1.5622454753502647e-5,4.968943314892496e-4,,C
1+2+12+19+25+26,6,5,7,4.5200000000000005,1.495731740856428e-5,4.757386948382564e-4,,NA
1+18,2,6,11,4.516,1.4944080844485904e-5,4.7531768714370923e-4,,A
1+2+5+17,4,7,11,4.482,1.4831570049819713e-5,4.717391217400586e-4,,C
5+12+25,3,8,10,4.3469999999999995,1.4384836012174538e-5,4.575301120490929e-4,,B
4+6,2,6,8,4.316,1.428225264056713e-5,4.542673024163527e-4,,A
4+19+25+26,4,10,16,4.212,1.3938101974529367e-5,4.4332110235812734e-4,,NA
4+10+25+26,4,6,9,4.181,1.383551860292196e-5,4.400582927253871e-4,,A
12+20+25+26,4,9,11,3.94,1.3038015617199836e-5,4.1469257912892253e-4,,B
1+2+5+24,4,7,12,3.937,1.3028088194141055e-5,4.143768233580122e-4,,NA
1+2+5+14,4,7,9,3.936,1.3024779053121461e-5,4.142715714343754e-4,,NA
5+19+25+26,4,3,4,3.9090000000000003,1.2935432245592428e-5,4.114297694961823e-4,,NA
25+26+32,3,3,6,3.842,1.2713719797279638e-5,4.043778906125179e-4,,NA
2+12+25,3,2,6,3.839,1.2703792374220855e-5,4.0406213484160756e-4,,C
4+15+25,3,6,9,3.838,1.2700483233201262e-5,4.0395688291797074e-4,,NA
1+2+19+25+26,5,9,14,3.802,1.2581354156495883e-5,4.001678136670466e-4,,NA
4+12+16+25,4,3,3,3.7729999999999997,1.248538906692766e-5,3.9711550788157986e-4,,NA
5+23,2,6,9,3.737,1.2366259990222281e-5,3.9332643863065577e-4,,NA
1+2+5+20,4,8,11,3.736,1.2362950849202688e-5,3.9322118670701895e-4,,C
1+2+8+25+26,5,8,9,3.7350000000000003,1.2359641708183095e-5,3.931159347833822e-4,,NA
1+2+5+25+27,5,4,8,3.705,1.2260367477595279e-5,3.8995837707427874e-4,"cordaro2018_surprise_2
fig2002_fear_22",NA
25+26+36,3,7,7,3.603,1.1922835093596705e-5,3.7922268086332695e-4,,NA
5+20,2,4,7,3.536,1.1701122645283915e-5,3.721708019796625e-4,fig2002_fear_23,A
1+4+6+12+25+26,6,2,6,3.535,1.1697813504264322e-5,3.720655500560257e-4,,B
17+24+34,3,2,6,3.535,1.1697813504264322e-5,3.720655500560257e-4,,NA
4+7+25,3,4,5,3.5340000000000003,1.1694504363244727e-5,3.7196029813238896e-4,,A
6+9+12+25+26,5,4,7,3.533,1.1691195222225132e-5,3.7185504620875214e-4,,NA
24+26,2,6,14,3.529,1.1677958658146757e-5,3.71434038514205e-4,,NA
8+25+26,3,12,25,3.4890000000000003,1.1545593017363004e-5,3.672239615687337e-4,,NA
1+4+12+25+26,5,3,5,3.433,1.1360281120265746e-5,3.613298538450739e-4,,A
1+2+18+25+26,5,7,11,3.43,1.1350353697206965e-5,3.610140980741636e-4,,C
12+25+26+32,4,3,5,3.399,1.1247770325599555e-5,3.577512884414233e-4,,NA
2+6+12+25+26,5,1,1,3.366,1.1138568671952958e-5,3.5427797496140947e-4,,C
1+2+17+24,4,8,8,3.33,1.1019439595247577e-5,3.504889057104853e-4,,NA
6+25+26,3,4,6,3.2969999999999997,1.091023794160098e-5,3.470155922304715e-4,,A
1+4+20+25,4,5,5,3.294,1.0900310518542198e-5,3.4669983645956113e-4,du2014_fear_1,A
4+12+20+25+26,5,4,5,3.227,1.0678598070229408e-5,3.396479575758967e-4,,A
1+17+24,3,5,9,3.227,1.0678598070229408e-5,3.396479575758967e-4,keltner2019_sympathy_1,NA
4+10,2,4,5,3.194,1.0569396416582811e-5,3.361746440958829e-4,,A
5+17,2,7,8,3.192,1.0562778134543624e-5,3.3596414024860934e-4,,A
12+16+25,3,7,9,3.181,1.052637758332809e-5,3.348063690886047e-4,,NA
4+6+17+18,4,1,1,3.128,1.0350993109289617e-5,3.292280171358553e-4,,A
1+14,2,7,9,3.1270000000000002,1.0347683968270023e-5,3.291227652122185e-4,,NA
4+6+12+25+26,5,6,12,3.094,1.0238482314623425e-5,3.2564945173220466e-4,,B
4+12+20,3,3,4,3.092,1.0231864032584237e-5,3.2543894788493113e-4,,A
17+20,2,7,9,3.024,1.0006842443251854e-5,3.182818170776299e-4,,A
1+4+20,3,5,7,3.021,9.996915020193072e-6,3.1796606130671956e-4,,A
6+12+17,3,4,4,2.99,9.894331648585663e-6,3.1470325167397934e-4,,B
1+4+12,3,5,6,2.989,9.891022507566068e-6,3.145979997503425e-4,,A
1+2+5+20+25+26,6,6,6,2.968,9.821530546154597e-6,3.123877093539701e-4,,C
4+24+26,3,2,9,2.951,9.765275148821503e-6,3.105984266521448e-4,,NA
4+6+25,3,5,5,2.923,9.672619200272873e-6,3.076513727903149e-4,,A
1+2+4,3,5,6,2.822,9.338395957293894e-6,2.9702092850299985e-4,,C
6+12+20+25+26,5,3,6,2.8209999999999997,9.335086816274297e-6,2.9691567657936304e-4,,B
4+12+19+25+26,5,4,6,2.7520000000000002,9.106756085922323e-6,2.896532938484251e-4,,NA
1+17+18,3,3,5,2.751,9.103446944902728e-6,2.895480419247883e-4,,A
1+2+6+12,4,5,6,2.72,9.000863573295318e-6,2.8628523229204807e-4,,C
13,1,4,4,2.7199999999999998,9.000863573295318e-6,2.86285232292048e-4,,NA
4+25+27,3,2,2,2.7199999999999998,9.000863573295318e-6,2.86285232292048e-4,,NA
4+7+17,3,3,4,2.618,8.663331189296745e-6,2.755495360810963e-4,,A
1+2+14+17+24,5,1,1,2.618,8.663331189296745e-6,2.755495360810963e-4,,NA
17+32,2,3,4,2.616,8.656712907257556e-6,2.753390322338227e-4,,NA
4+10+25,3,3,7,2.616,8.656712907257556e-6,2.753390322338227e-4,,A
5+8+12,3,2,5,2.614,8.650094625218368e-6,2.751285283865491e-4,,NA
1+20,2,6,7,2.58,8.537583830552178e-6,2.7154996298289855e-4,,A
1+2+5+19+25+26,6,3,3,2.549,8.435000458944766e-6,2.682871533501583e-4,,NA
14+25,2,7,11,2.547,8.42838217690558e-6,2.680766495028847e-4,,NA
2+5+12,3,3,4,2.513,8.315871382239388e-6,2.644980840992341e-4,,C
12+17+25,3,4,5,2.481,8.209978869612383e-6,2.6113002254285706e-4,,B
7+14,2,3,5,2.479,8.203360587573197e-6,2.6091951869558353e-4,,NA
1+2+12+20+25,5,4,5,2.479,8.203360587573197e-6,2.6091951869558353e-4,,C
17+25+32,3,2,2,2.448,8.100777215965787e-6,2.5765670906284326e-4,,NA
1+2+6+12+25+26,6,4,6,2.446,8.0941589339266e-6,2.5744620521556973e-4,,C
4+10+17,3,1,1,2.414,7.988266421299595e-6,2.540781436591927e-4,,A
5+18+25,3,5,5,2.412,7.981648139260407e-6,2.5386763981191906e-4,,A
6+12+24,3,5,10,2.411,7.978338998240814e-6,2.537623878882823e-4,,NA
14+24,2,3,3,2.346,7.763244831967212e-6,2.4692101285189147e-4,,NA
1+14+17,3,3,4,2.3440000000000003,7.756626549928025e-6,2.4671050900461794e-4,,NA
7+12+25,3,4,5,2.311,7.647424896281426e-6,2.4323719552460406e-4,,A
1+2+4+12,4,5,5,2.31,7.644115755261833e-6,2.431319436009673e-4,,C
1+5+17,3,2,3,2.277,7.534914101615236e-6,2.3965863012095348e-4,,A
1+2+5+8+12,5,2,4,2.275,7.528295819576047e-6,2.394481262736799e-4,,NA
9+12,2,5,5,2.243,7.422403306949044e-6,2.3608006471730286e-4,,NA
5+24,2,6,7,2.206,7.299965089224071e-6,2.3218574354274193e-4,,NA
4+12+14,3,2,2,2.175,7.197381717616661e-6,2.2892293391000166e-4,,NA
1+2+17+18,4,4,5,2.174,7.194072576597067e-6,2.2881768198636487e-4,,C
4+15+17,3,6,7,2.173,7.1907634355774735e-6,2.287124300627281e-4,du2014_sadness_5,NA
1+12+25+26,4,8,9,2.169,7.177526871499098e-6,2.2829142236818097e-4,,B
1+2+5+8+25+26,6,4,4,2.14,7.081561781930876e-6,2.252391165827143e-4,,NA
1+2+34,3,1,1,2.108,6.9756692693038724e-06,2.2187105502633725e-4,,NA
2+25,2,5,5,2.108,6.9756692693038724e-06,2.2187105502633725e-4,,C
4+5+25,3,3,3,2.106,6.9690509872646835e-6,2.2166055117906367e-4,,A
1+2+5+12+25+27,6,2,3,2.074,6.86315847463768e-6,2.1829248962268664e-4,cordaro2018_awe_2,NA
1+2+17+23,4,6,6,2.073,6.859849333618087e-6,2.1818723769904987e-4,,NA
6+25,2,6,6,2.072,6.856540192598493e-6,2.1808198577541308e-4,,A
4+20+25+26,4,7,9,2.069,6.846612769539711e-6,2.1776623000450274e-4,,A
1+2+5+12+17,5,2,3,2.039,6.747338538951895e-6,2.1460867229539929e-4,,C
1+4+17,3,4,6,2.038,6.7440293979323e-6,2.1450342037176247e-4,,A
7+25,2,3,5,2.0060000000000002,6.6381368853052985e-6,2.1113535881538546e-4,,A
4+6+12+25,4,4,4,2.0060000000000002,6.6381368853052985e-6,2.1113535881538546e-4,,B
1+2+12+17+25,5,2,2,2.006,6.638136885305297e-6,2.1113535881538543e-4,,C
1+4+14+17,4,3,6,2.006,6.638136885305297e-6,2.1113535881538543e-4,,NA
4+6+15+17,4,1,2,2.006,6.638136885305297e-6,2.1113535881538543e-4,du2014_sadness_10,NA
4+5+23,3,3,4,2.003,6.628209462246516e-6,2.1081960304447512e-4,fig2002_anger_52,NA
4+7+24,3,1,1,1.971,6.522316949619512e-6,2.0745154148809808e-4,"du2014_anger_1
fig2002_anger_54",NA
1+4+18,3,3,5,1.968,6.512389526560731e-6,2.071357857171877e-4,,A
5+12+17,3,1,1,1.938,6.4131152959729145e-6,2.0397822800808423e-4,,B
4+5+24,3,2,4,1.9340000000000002,6.399878731894539e-6,2.0355722031353712e-4,fig2002_anger_55,NA
6+18+25,3,2,3,1.87,6.188093706640532e-6,1.9682109720078306e-4,,A
16+25+26,3,2,3,1.834,6.0689646299351525e-6,1.930320279498589e-4,,NA
4+18+25+26,4,5,5,1.7990000000000002,5.953144694249368e-6,1.893482106225715e-4,,A
1+2+7+18+25,5,2,2,1.77,5.857179604681145e-6,1.862959048371048e-4,,C
2+7+9+12+16,5,1,1,1.768,5.850561322641957e-6,1.8608540098983124e-4,,NA
1+2+12+24,4,3,3,1.766,5.843943040602769e-6,1.858748971425577e-4,,NA
11,1,1,1,1.734,5.738050527975766e-6,1.8250683558618063e-4,,NA
1+2+17+20,4,2,2,1.734,5.738050527975766e-6,1.8250683558618063e-4,,C
2+25+26,3,2,2,1.733,5.734741386956172e-6,1.8240158366254386e-4,,C
12+20,2,4,5,1.733,5.734741386956172e-6,1.8240158366254386e-4,,B
4+22,2,2,2,1.7000000000000002,5.625539733309575e-6,1.7892827018253007e-4,,NA
32,1,3,3,1.7,5.625539733309574e-6,1.7892827018253004e-4,,NA
4+17+25+32,4,1,1,1.7,5.625539733309574e-6,1.7892827018253004e-4,,NA
6+20,2,1,4,1.666,5.513028938643383e-6,1.7534970477887943e-4,,A
6+9+25,3,2,3,1.665,5.509719797623789e-6,1.7524445285524266e-4,,NA
4+7+12+25,4,1,2,1.6320000000000001,5.400518143977192e-6,1.7177113937522884e-4,,A
1+20+25+26,4,1,3,1.632,5.400518143977191e-6,1.7177113937522884e-4,,A
1+2+5+15+25+26,6,1,1,1.631,5.397209002957597e-6,1.7166588745159205e-4,,NA
12+18,2,6,8,1.627,5.383972438879222e-6,1.7124487975704494e-4,,B
9+20+25+26,4,1,1,1.598,5.288007349311e-6,1.6819257397157825e-4,,NA
6+12+17+25+32,5,2,2,1.597,5.2846982082914054e-6,1.6808732204794146e-4,,NA
1+6,2,3,3,1.597,5.2846982082914054e-6,1.6808732204794146e-4,,A
1+2+17+20+25+26,6,3,3,1.596,5.281389067271812e-6,1.6798207012430467e-4,,C
4+12+17+25+26,5,3,3,1.596,5.281389067271812e-6,1.6798207012430467e-4,,B
1+5+7+17,4,1,1,1.564,5.175496554644809e-6,1.6461400856792764e-4,,A
1+2+5+12+19+25+26,7,3,3,1.563,5.172187413625214e-6,1.6450875664429085e-4,,NA
1+2+5+12+20,5,1,1,1.563,5.172187413625214e-6,1.6450875664429085e-4,,C
22+25+26,3,4,8,1.562,5.168878272605621e-6,1.6440350472065408e-4,,NA
5+18+25+26,4,4,4,1.561,5.165569131586027e-6,1.642982527970173e-4,,A
4+6+20+25,4,3,3,1.528,5.056367477939429e-6,1.6082493931700347e-4,,A
2+18+25,3,2,5,1.528,5.056367477939429e-6,1.6082493931700347e-4,,C
1+18+25,3,4,4,1.528,5.056367477939429e-6,1.6082493931700347e-4,,A
1+2+4+25,4,3,4,1.527,5.053058336919835e-6,1.6071968739336668e-4,,C
7+18,2,2,4,1.527,5.053058336919835e-6,1.6071968739336668e-4,,A
12+15,2,3,5,1.495,4.9471658242928315e-6,1.5735162583698967e-4,,NA
6+17,2,2,2,1.4620000000000002,4.837964170646234e-6,1.5387831235697585e-4,,A
2+14,2,2,2,1.462,4.837964170646234e-6,1.5387831235697582e-4,,NA
1+2+5+10,4,3,3,1.46,4.831345888607046e-6,1.5366780850970227e-4,,C
6+12+20+25,4,4,4,1.459,4.828036747587453e-6,1.535625565860655e-4,,B
4+7+25+26,4,2,2,1.4280000000000002,4.725453375980042e-6,1.5029974695332526e-4,,A
5+17+24,3,4,4,1.427,4.722144234960448e-6,1.5019449502968844e-4,,NA
1+2+5+17+25+33,6,1,2,1.427,4.722144234960448e-6,1.5019449502968844e-4,,NA
6+12+15+26,4,1,1,1.427,4.722144234960448e-6,1.5019449502968844e-4,,NA
2+20+25,3,1,1,1.427,4.722144234960448e-6,1.5019449502968844e-4,,C
17+18+25,3,5,5,1.426,4.718835093940854e-6,1.5008924310605165e-4,,A
4+17+20,3,4,5,1.425,4.715525952921261e-6,1.499839911824149e-4,,A
4+6+25+26,4,2,3,1.425,4.715525952921261e-6,1.499839911824149e-4,,A
1+2+25+27,4,1,2,1.394,4.612942581313851e-6,1.4672118154967462e-4,,NA
4+6+7+12+25,5,1,1,1.394,4.612942581313851e-6,1.4672118154967462e-4,,A
6+20+25,3,4,4,1.393,4.609633440294257e-6,1.4661592962603786e-4,,A
1+2+4+12+25,5,4,4,1.393,4.609633440294257e-6,1.4661592962603786e-4,,C
12+18+25+26,4,3,4,1.392,4.606324299274663e-6,1.4651067770240107e-4,cordaro2018_relief_1,B
1+2+5+17+18,5,2,2,1.359,4.497122645628065e-6,1.4303736422238724e-4,,C
18+26+36,3,1,2,1.351,4.4706495174713145e-6,1.42195348833293e-4,,NA
1+12+17,3,1,2,1.326,4.387920991981468e-6,1.3956405074237345e-4,,A
12+14+17,3,1,1,1.325,4.384611850961874e-6,1.3945879881873665e-4,,NA
2+18,2,2,2,1.325,4.384611850961874e-6,1.3945879881873665e-4,,C
1+4+19+25+26,5,2,3,1.325,4.384611850961874e-6,1.3945879881873665e-4,,NA
1+2+5+19+25+26+33,7,1,3,1.292,4.275410197315276e-6,1.3598548533872283e-4,,NA
1+22+25,3,2,2,1.292,4.275410197315276e-6,1.3598548533872283e-4,,NA
4+7+12,3,2,2,1.292,4.275410197315276e-6,1.3598548533872283e-4,,A
16+20+25,3,2,2,1.2910000000000001,4.272101056295683e-6,1.3588023341508607e-4,,NA
4+23+25,3,2,4,1.258,4.1628994026490845e-6,1.3240691993507224e-4,,NA
25+32,2,3,3,1.2570000000000001,4.159590261629491e-6,1.3230166801143545e-4,,NA
4+12+16+20+25,5,1,1,1.257,4.15959026162949e-6,1.3230166801143543e-4,,NA
4+17+18+23,4,1,1,1.257,4.15959026162949e-6,1.3230166801143543e-4,,NA
5+8+25+26,4,1,3,1.256,4.156281120609897e-6,1.3219641608779866e-4,,NA
5+14,2,3,4,1.256,4.156281120609897e-6,1.3219641608779866e-4,,NA
1+2+12+18+25,5,4,6,1.223,4.0470794669633e-6,1.2872310260778487e-4,,C
1+4+18+25,4,3,4,1.223,4.0470794669633e-6,1.2872310260778487e-4,,A
6+18+25+26+30,5,1,1,1.223,4.0470794669633e-6,1.2872310260778487e-4,,NA
1+2+5+15,4,4,4,1.223,4.0470794669633e-6,1.2872310260778487e-4,,NA
1+2+5+12+17+25+26+32,8,2,2,1.223,4.0470794669633e-6,1.2872310260778487e-4,,NA
4+14+19+25+26,5,2,2,1.222,4.043770325943706e-6,1.2861785068414807e-4,,NA
1+2+6,3,2,2,1.196,3.957732659434265e-6,1.258813006695917e-4,,C
5+8+12+25+26,5,1,1,1.19,3.937877813316702e-6,1.2524978912777101e-4,,NA
6+12+16+25,4,3,3,1.155,3.8220578776309165e-6,1.2156597180048365e-4,,NA
5+18,2,4,4,1.155,3.8220578776309165e-6,1.2156597180048365e-4,,A
1+2+5+17+24,5,3,3,1.154,3.8187487366113225e-6,1.2146071987684686e-4,,NA
6+9+12,3,1,1,1.122,3.7128562239843194e-6,1.1809265832046984e-4,,NA
1+4+17+18,4,1,1,1.122,3.7128562239843194e-6,1.1809265832046984e-4,,A
12+17+19+25+26,5,3,3,1.121,3.709547082964725e-6,1.1798740639683305e-4,,NA
1+2+20+23,4,1,1,1.121,3.709547082964725e-6,1.1798740639683305e-4,,NA
4+6+7+12+25+26,6,1,2,1.121,3.709547082964725e-6,1.1798740639683305e-4,,A
33,1,2,4,1.12,3.7062379419451317e-6,1.1788215447319627e-4,,NA
18+26,2,3,5,1.088,3.600345429318128e-6,1.1451409291681924e-4,,A
6+17+25,3,1,1,1.088,3.600345429318128e-6,1.1451409291681924e-4,,A
1+2+5+14+25+26+32,7,1,1,1.088,3.600345429318128e-6,1.1451409291681924e-4,,NA
4+15+24,3,2,2,1.087,3.5970362882985333e-6,1.1440884099318244e-4,,NA
9+23,2,1,1,1.087,3.5970362882985333e-6,1.1440884099318244e-4,,NA
15+25+26,3,5,5,1.087,3.5970362882985333e-6,1.1440884099318244e-4,,NA
1+4+5+25,4,1,2,1.087,3.5970362882985333e-6,1.1440884099318244e-4,,A
5+12+20+25+26,5,2,2,1.086,3.59372714727894e-6,1.1430358906954567e-4,,B
1+15+17,3,5,5,1.085,3.5904180062593457e-6,1.1419833714590888e-4,matsumoto2008_sadness_3,NA
1+4+6,3,3,3,1.054,3.4878346346519362e-06,1.1093552751316863e-4,,A
12+16+25+26,4,1,1,1.054,3.4878346346519362e-06,1.1093552751316863e-4,,NA
2+4,2,2,2,1.054,3.4878346346519362e-06,1.1093552751316863e-4,,A
1+2+6+13,4,1,1,1.054,3.4878346346519362e-06,1.1093552751316863e-4,,NA
1+2+5+12+15+26,6,1,1,1.054,3.4878346346519362e-06,1.1093552751316863e-4,,NA
1+2+15+25+26,5,2,3,1.053,3.4845254936323417e-6,1.1083027558953183e-4,,NA
1+2+5+20+25,5,4,4,1.052,3.4812163526127485e-6,1.1072502366589507e-4,,C
1+2+7+10,4,1,1,1.02,3.3753238399857446e-6,1.0735696210951802e-4,,C
1+2+22+25,4,2,3,1.02,3.3753238399857446e-6,1.0735696210951802e-4,,NA
1+4+10,3,1,1,1.019,3.37201469896615e-6,1.0725171018588123e-4,,A
2+12+25+26,4,2,2,1.018,3.368705557946557e-6,1.0714645826224446e-4,,C
1+4+17+24,4,2,2,0.986,3.262813045319553e-6,1.0377839670586742e-4,,NA
1+2+7+25+26,5,2,3,0.986,3.262813045319553e-6,1.0377839670586742e-4,,C
5+17+23,3,2,2,0.9850000000000001,3.2595039042999594e-6,1.0367314478223065e-4,,NA
1+4+20+25+26,5,2,2,0.985,3.259503904299959e-6,1.0367314478223063e-4,du2014_fear_4,A
10+12,2,2,2,0.985,3.259503904299959e-6,1.0367314478223063e-4,,B
4+6+20,3,3,3,0.984,3.2561947632803654e-6,1.0356789285859386e-4,,A
15+17+23,3,2,2,0.952,3.1503022506533615e-6,1.0019983130221682e-4,,NA
4+12+17+25,4,2,3,0.952,3.1503022506533615e-6,1.0019983130221682e-4,,A
10+20+25,3,2,2,0.952,3.1503022506533615e-6,1.0019983130221682e-4,,A
1+2+25+26+36,5,1,1,0.952,3.1503022506533615e-6,1.0019983130221682e-4,,NA
1+4+6+12,4,1,3,0.9510000000000001,3.146993109633768e-6,1.0009457937858005e-4,,A
4+17+32,3,1,1,0.951,3.1469931096337674e-6,1.0009457937858003e-4,,NA
1+2+4+17+20+25,6,1,1,0.951,3.1469931096337674e-6,1.0009457937858003e-4,,C
4+5+25+26,4,3,3,0.951,3.1469931096337674e-6,1.0009457937858003e-4,,A
1+4+5+6+20+25,6,1,1,0.951,3.1469931096337674e-6,1.0009457937858003e-4,,A
12+25+26+36,4,1,1,0.951,3.1469931096337674e-6,1.0009457937858003e-4,,NA
1+2+10+25+26,5,3,3,0.95,3.1436839686141738e-6,9.998932745494325e-5,,C
1+2+12+20+25+26,6,2,2,0.95,3.1436839686141738e-6,9.998932745494325e-5,,C
4+7+20+25,4,2,2,0.918,3.0377914559871703e-6,9.662126589856622e-5,,A
1+2+5+24+30,5,1,1,0.918,3.0377914559871703e-6,9.662126589856622e-5,,NA
6+10+16+25,4,2,2,0.9179999999999999,3.03779145598717e-6,9.662126589856621e-5,,NA
2+8+25+26,4,2,2,0.917,3.0344823149675762e-6,9.651601397492944e-5,,NA
1+2+5+8+12+25+26,7,2,4,0.917,3.0344823149675762e-6,9.651601397492944e-5,,NA
5+17+33,3,2,2,0.917,3.0344823149675762e-6,9.651601397492944e-5,,NA
1+2+5+12+20+25,6,1,1,0.917,3.0344823149675762e-6,9.651601397492944e-5,,C
1+2+10+20+25+26,6,1,1,0.917,3.0344823149675762e-6,9.651601397492944e-5,,C
1+4+15+22+25,5,1,1,0.917,3.0344823149675762e-6,9.651601397492944e-5,,NA
1+2+4+18+25,5,2,3,0.916,3.0311731739479826e-6,9.641076205129265e-5,,C
4+12+18,3,3,3,0.915,3.0278640329283886e-6,9.630551012765588e-5,,A
4+17+19+25+26,5,3,7,0.914,3.0245548919087945e-6,9.62002582040191e-5,,NA
14+25+32,3,1,1,0.884,2.9252806613209787e-6,9.304270049491562e-5,,NA
4+6+17+24,4,2,2,0.883,2.9219715203013847e-6,9.293744857127884e-5,,NA
4+5+17+19+25+26,6,2,2,0.883,2.9219715203013847e-6,9.293744857127884e-5,,NA
5+15+17,3,2,2,0.883,2.9219715203013847e-6,9.293744857127884e-5,,NA
1+4+15+25+26,5,3,3,0.882,2.918662379281791e-6,9.283219664764205e-5,"fig2002_sadness_12
fig2002_sadness_16",NA
1+5,2,2,5,0.881,2.915353238262197e-6,9.272694472400528e-5,,A
7+24,2,2,3,0.87,2.878952687046664e-6,9.156917356400067e-5,,NA
1+2+5+12+16+25+26,7,2,2,0.8500000000000001,2.8127698666547875e-6,8.946413509126503e-5,,NA
8,1,2,2,0.85,2.812769866654787e-6,8.946413509126502e-5,,NA
17+18+19,3,1,1,0.85,2.812769866654787e-6,8.946413509126502e-5,,NA
4+13,2,3,3,0.85,2.812769866654787e-6,8.946413509126502e-5,,NA
1+7,2,1,1,0.85,2.812769866654787e-6,8.946413509126502e-5,,A
4+6+12+20+25,5,1,1,0.85,2.812769866654787e-6,8.946413509126502e-5,,A
7+12+20+25+26,5,1,1,0.85,2.812769866654787e-6,8.946413509126502e-5,,A
7+25+26,3,3,3,0.849,2.809460725635193e-6,8.935888316762823e-5,,A
4+7+13+17,4,1,1,0.849,2.809460725635193e-6,8.935888316762823e-5,,NA
1+10,2,1,1,0.849,2.809460725635193e-6,8.935888316762823e-5,,A
1+2+13,3,2,3,0.8480000000000001,2.8061515846155995e-6,8.925363124399147e-5,,NA
17+25+26,3,3,3,0.848,2.8061515846155995e-6,8.925363124399145e-5,,A
7+10+25,3,2,2,0.8160000000000001,2.700259071988596e-6,8.588556968761442e-5,,A
17+34,2,3,3,0.8160000000000001,2.700259071988596e-6,8.588556968761442e-5,,NA
12+23,2,3,4,0.816,2.7002590719885955e-6,8.588556968761442e-5,,NA
6+12+25+26+30,5,1,1,0.816,2.7002590719885955e-6,8.588556968761442e-5,,NA
1+2+11+14,4,1,1,0.816,2.7002590719885955e-6,8.588556968761442e-5,,NA
1+4+6+20,4,1,1,0.815,2.6969499309690015e-6,8.578031776397763e-5,,A
7+12+25+26,4,4,4,0.815,2.6969499309690015e-6,8.578031776397763e-5,cordaro2018_desire_1,B
1+12+19+25+26,5,2,3,0.8140000000000001,2.693640789949408e-6,8.567506584034087e-5,,NA
1+2+12+17+25+26,6,3,3,0.8140000000000001,2.693640789949408e-6,8.567506584034087e-5,,C
1+2+8+12+25+26,6,2,3,0.814,2.693640789949408e-6,8.567506584034085e-5,,NA
12+17+25+26+32,5,2,2,0.8049999999999999,2.6638585207730627e-6,8.47277985276098e-5,,NA
19+22+25+26,4,1,1,0.782,2.5877482773224044e-6,8.230700428396382e-5,,NA
7+16+25+26,4,1,1,0.782,2.5877482773224044e-6,8.230700428396382e-5,,NA
4+6+10+12+25,5,1,1,0.782,2.5877482773224044e-6,8.230700428396382e-5,,A
1+2+5+12+17+25+26,7,1,1,0.782,2.5877482773224044e-6,8.230700428396382e-5,,C
4+5+20+25,4,1,1,0.782,2.5877482773224044e-6,8.230700428396382e-5,,A
1+2+5+8+25+27,6,1,1,0.781,2.5844391363028103e-6,8.220175236032704e-5,,NA
17+22,2,2,2,0.781,2.5844391363028103e-6,8.220175236032704e-5,,NA
12+14,2,2,2,0.781,2.5844391363028103e-6,8.220175236032704e-5,matsumoto2008_contempt_1,NA
1+2+5+16+25+26,6,2,2,0.781,2.5844391363028103e-6,8.220175236032704e-5,,NA
2+5+12+25,4,2,3,0.781,2.5844391363028103e-6,8.220175236032704e-5,,C
7+12+17,3,1,1,0.781,2.5844391363028103e-6,8.220175236032704e-5,,A
1+2+4+20,4,2,2,0.7809999999999999,2.58443913630281e-6,8.220175236032703e-5,,C
4+12+17+19+25+26,6,2,2,0.78,2.5811299952832163e-6,8.209650043669025e-5,,NA
6+10+12,3,1,2,0.748,2.4752374826562128e-6,7.872843888031322e-5,,B
1+4+5,3,1,1,0.748,2.4752374826562128e-6,7.872843888031322e-5,,A
12+17+24,3,2,2,0.747,2.4719283416366187e-6,7.862318695667644e-5,,NA
6+15+25,3,1,1,0.747,2.4719283416366187e-6,7.862318695667644e-5,"fig2002_sadness_18
fig2002_sadness_22",NA
5+12+24,3,2,2,0.747,2.4719283416366187e-6,7.862318695667644e-5,,NA
1+2+4+5+12+25+26,7,1,1,0.747,2.4719283416366187e-6,7.862318695667644e-5,,C
1+2+5+22+25+26,6,1,1,0.747,2.4719283416366187e-6,7.862318695667644e-5,,NA
1+2+5+17+18+25,6,2,2,0.747,2.4719283416366187e-6,7.862318695667644e-5,,C
1+4+6+17+23,5,1,1,0.747,2.4719283416366187e-6,7.862318695667644e-5,,NA
26+36,2,3,3,0.746,2.4686192006170247e-6,7.851793503303965e-5,,NA
1+2+7+25,4,1,1,0.714,2.362726687990021e-6,7.514987347666262e-5,,C
1+12+20+25,4,1,1,0.714,2.362726687990021e-6,7.514987347666262e-5,,A
7+12+20+25,4,1,1,0.714,2.362726687990021e-6,7.514987347666262e-5,,A
1+4+23,3,2,2,0.714,2.362726687990021e-6,7.514987347666262e-5,,NA
2+4+14,3,1,1,0.714,2.362726687990021e-6,7.514987347666262e-5,,NA
1+2+10+12+25+26,6,2,2,0.7130000000000001,2.3594175469704276e-6,7.504462155302584e-5,,C
4+5+14,3,2,2,0.713,2.359417546970427e-6,7.504462155302583e-5,,NA
5+17+25+26,4,1,1,0.713,2.359417546970427e-6,7.504462155302583e-5,,A
1+2+22+25+26,5,1,1,0.713,2.359417546970427e-6,7.504462155302583e-5,,NA
9+12+25,3,4,5,0.712,2.356108405950833e-6,7.493936962938905e-5,,NA
4+17+18+25,4,1,2,0.712,2.356108405950833e-6,7.493936962938905e-5,,A
12+18+25,3,6,6,0.7110000000000001,2.35279926493124e-6,7.483411770575227e-5,,B
10+17,2,1,1,0.68,2.2502158933238296e-6,7.157130807301202e-5,fig2002_disgust_10,A
1+2+7,3,1,1,0.68,2.2502158933238296e-6,7.157130807301202e-5,,C
4+15+18,3,1,1,0.68,2.2502158933238296e-6,7.157130807301202e-5,,NA
2+24,2,2,2,0.6799999999999999,2.2502158933238296e-6,7.1571308073012e-5,,NA
8+25+27,3,1,1,0.679,2.246906752304236e-6,7.146605614937524e-5,,NA
1+2+12+14,4,1,1,0.679,2.246906752304236e-6,7.146605614937524e-5,,NA
9+22,2,1,1,0.679,2.246906752304236e-6,7.146605614937524e-5,,NA
8+17+25+26,4,2,2,0.679,2.246906752304236e-6,7.146605614937524e-5,,NA
1+2+5+12+18+25+26,7,1,1,0.679,2.246906752304236e-6,7.146605614937524e-5,,C
6+10+25,3,2,2,0.679,2.246906752304236e-6,7.146605614937524e-5,,A
1+19+25+26,4,2,2,0.678,2.243597611284642e-6,7.136080422573846e-5,,NA
18+24,2,2,2,0.6779999999999999,2.2435976112846415e-6,7.136080422573845e-5,,NA
1+2+12+17+24,5,2,2,0.646,2.137705098657638e-6,6.799274266936142e-5,,NA
12+17+32,3,1,2,0.646,2.137705098657638e-6,6.799274266936142e-5,,NA
6+10+12+25,4,1,3,0.646,2.137705098657638e-6,6.799274266936142e-5,,B
1+2+4+5+25+26,6,2,2,0.646,2.137705098657638e-6,6.799274266936142e-5,fig2002_fear_9,C
1+4+7+12,4,1,1,0.646,2.137705098657638e-6,6.799274266936142e-5,,A
6+16+20+25,4,1,1,0.646,2.137705098657638e-6,6.799274266936142e-5,,NA
1+16+20+25+26,5,1,1,0.646,2.137705098657638e-6,6.799274266936142e-5,,NA
4+6+10+25,4,1,1,0.646,2.137705098657638e-6,6.799274266936142e-5,,A
17+25,2,2,3,0.645,2.1343959576380444e-6,6.788749074572464e-5,,A
1+2+5+17+23,5,3,3,0.645,2.1343959576380444e-6,6.788749074572464e-5,,NA
6+19+25+26,4,1,1,0.645,2.1343959576380444e-6,6.788749074572464e-5,,NA
1+2+6+12+25,5,1,1,0.645,2.1343959576380444e-6,6.788749074572464e-5,,C
1+2+7+9,4,1,1,0.645,2.1343959576380444e-6,6.788749074572464e-5,,NA
4+17+20+24,4,1,1,0.645,2.1343959576380444e-6,6.788749074572464e-5,,NA
1+2+22,3,2,2,0.645,2.1343959576380444e-6,6.788749074572464e-5,,NA
14+17+19+25+26,5,1,2,0.645,2.1343959576380444e-6,6.788749074572464e-5,,NA
1+5+18,3,1,2,0.645,2.1343959576380444e-6,6.788749074572464e-5,,A
4+5+14+17,4,2,2,0.644,2.1310868166184504e-6,6.778223882208785e-5,,NA
1+4+24,3,4,4,0.644,2.1310868166184504e-6,6.778223882208785e-5,,NA
14+19+25+26,4,3,3,0.644,2.1310868166184504e-6,6.778223882208785e-5,,NA
1+2+4+5+20+25+26,7,2,2,0.6439999999999999,2.13108681661845e-6,6.778223882208783e-5,"du2014_fear_8
fig2002_fear_4
fig2002_fear_14
matsumoto2008_fear_4",C
1+2+7+12,4,2,3,0.637,2.1079228294812933e-6,6.704547535663038e-5,,C
16,1,3,3,0.612,2.025194303991447e-6,6.441417726571081e-5,,NA
2+5+24,3,1,1,0.612,2.025194303991447e-6,6.441417726571081e-5,,NA
25+30,2,1,1,0.612,2.025194303991447e-6,6.441417726571081e-5,,NA
1+2+12+17+20+25+26+32,8,1,1,0.612,2.025194303991447e-6,6.441417726571081e-5,,NA
1+2+5+23+25,5,1,1,0.611,2.021885162971853e-6,6.430892534207404e-5,,NA
7+10,2,1,1,0.611,2.021885162971853e-6,6.430892534207404e-5,,A
7+17+24,3,1,1,0.611,2.021885162971853e-6,6.430892534207404e-5,,NA
24+26+30,3,2,2,0.611,2.021885162971853e-6,6.430892534207404e-5,,NA
1+2+4+5+20,5,2,2,0.611,2.021885162971853e-6,6.430892534207404e-5,matsumoto2008_fear_1,C
2+7+9+16,4,1,1,0.611,2.021885162971853e-6,6.430892534207404e-5,,NA
1+4+15+17,4,3,4,0.611,2.021885162971853e-6,6.430892534207404e-5,"du2014_sadness_8
fig2002_sadness_33
fig2002_sadness_37
matsumoto2008_sadness_4",NA
7+17,2,2,2,0.611,2.021885162971853e-6,6.430892534207404e-5,,A
1+2+4+12+19+25+26,7,1,1,0.611,2.021885162971853e-6,6.430892534207404e-5,,NA
5+16+20+25+26,5,1,1,0.611,2.021885162971853e-6,6.430892534207404e-5,,NA
2+4+15,3,1,1,0.611,2.021885162971853e-6,6.430892534207404e-5,,NA
1+2+12+15+25+26,6,1,1,0.611,2.021885162971853e-6,6.430892534207404e-5,,NA
1+2+5+14+17,5,2,3,0.61,2.0185760219522588e-6,6.420367341843725e-5,,NA
1+2+12+16+25,5,2,2,0.5780000000000001,1.9126835093252553e-6,6.083561186206022e-5,,NA
1+2+17+25+26,5,2,2,0.5780000000000001,1.9126835093252553e-6,6.083561186206022e-5,,C
5+17+18,3,2,2,0.5780000000000001,1.9126835093252553e-6,6.083561186206022e-5,,A
8+12+19+25+26,5,1,1,0.578,1.9126835093252553e-6,6.083561186206021e-5,,NA
18+30,2,1,1,0.578,1.9126835093252553e-6,6.083561186206021e-5,,NA
1+2+5+12+24,5,1,1,0.578,1.9126835093252553e-6,6.083561186206021e-5,,NA
1+5+25,3,1,1,0.578,1.9126835093252553e-6,6.083561186206021e-5,,C
4+12+23,3,2,2,0.5770000000000001,1.9093743683056617e-6,6.073035993842344e-5,,NA
4+8+12+25+26,5,1,2,0.577,1.9093743683056612e-6,6.073035993842343e-5,,NA
4+20+23+25,4,1,1,0.577,1.9093743683056612e-6,6.073035993842343e-5,,NA
6+18,2,2,2,0.577,1.9093743683056612e-6,6.073035993842343e-5,,A
12+25+33,3,1,1,0.577,1.9093743683056612e-6,6.073035993842343e-5,,NA
1+2+14+25,4,2,2,0.577,1.9093743683056612e-6,6.073035993842343e-5,,NA
6+9+12+25,4,2,3,0.577,1.9093743683056612e-6,6.073035993842343e-5,,NA
4+8+25+26,4,2,3,0.5760000000000001,1.9060652272860676e-6,6.062510801478665e-5,,NA
8+20+25+26,4,4,4,0.575,1.9027560862664734e-6,6.051985609114986e-5,,NA
16+20,2,1,1,0.544,1.800172714659064e-6,5.725704645840962e-5,,NA
17+23+30,3,1,1,0.544,1.800172714659064e-6,5.725704645840962e-5,,NA
9+12+19+25+26,5,1,1,0.544,1.800172714659064e-6,5.725704645840962e-5,,NA
6+12+26,3,1,1,0.544,1.800172714659064e-6,5.725704645840962e-5,,B
4+7+15,3,1,1,0.544,1.800172714659064e-6,5.725704645840962e-5,,NA
4+6+10+12+25+26,6,1,1,0.544,1.800172714659064e-6,5.725704645840962e-5,,B
6+12+17+19+25,5,1,1,0.543,1.79686357363947e-6,5.7151794534772836e-5,,NA
4+12+24,3,2,3,0.543,1.79686357363947e-6,5.7151794534772836e-5,,NA
1+4+5+12,4,1,1,0.543,1.79686357363947e-6,5.7151794534772836e-5,,A
6+12+17+25+26+32,6,1,1,0.543,1.79686357363947e-6,5.7151794534772836e-5,,NA
9+11+22,3,1,1,0.543,1.79686357363947e-6,5.7151794534772836e-5,,NA
7+9,2,2,2,0.5429999999999999,1.7968635736394696e-6,5.715179453477282e-5,,NA
1+6+20,3,1,2,0.5429999999999999,1.7968635736394696e-6,5.715179453477282e-5,,A
1+2+9,3,2,2,0.542,1.793554432619876e-6,5.704654261113605e-5,,NA
1+2+12+18,4,2,2,0.542,1.793554432619876e-6,5.704654261113605e-5,,C
4+6+19+25+26,5,2,2,0.542,1.793554432619876e-6,5.704654261113605e-5,,NA
4+15+16+25,4,1,1,0.51,1.6876619199928723e-6,5.367848105475901e-5,,NA
4+5+22+25,4,1,1,0.51,1.6876619199928723e-6,5.367848105475901e-5,,NA
1+2+5+13,4,1,1,0.51,1.6876619199928723e-6,5.367848105475901e-5,,NA
1+2+5+15+17+25,6,1,1,0.51,1.6876619199928723e-6,5.367848105475901e-5,,NA
1+2+5+9+11+22,6,1,1,0.51,1.6876619199928723e-6,5.367848105475901e-5,,NA
1+2+5+7+12,5,2,2,0.509,1.6843527789732785e-6,5.357322913112223e-5,,C
12+19,2,2,2,0.509,1.6843527789732785e-6,5.357322913112223e-5,,NA
1+2+5+10+20+25+26,7,1,1,0.509,1.6843527789732785e-6,5.357322913112223e-5,,C
1+2+4+22+25,5,1,1,0.509,1.6843527789732785e-6,5.357322913112223e-5,,NA
1+2+4+17+24,5,1,1,0.509,1.6843527789732785e-6,5.357322913112223e-5,,NA
2+4+15+17,4,1,1,0.509,1.6843527789732785e-6,5.357322913112223e-5,,NA
1+2+5+17+20+25+26+32,8,1,1,0.509,1.6843527789732785e-6,5.357322913112223e-5,,NA
1+2+26+35,4,1,1,0.476,1.5751511253266807e-6,5.009991565110841e-5,,NA
12+25+27,3,1,1,0.476,1.5751511253266807e-6,5.009991565110841e-5,,NA
7+10+25+26,4,1,1,0.476,1.5751511253266807e-6,5.009991565110841e-5,,A
4+25+26+36,4,1,1,0.476,1.5751511253266807e-6,5.009991565110841e-5,,NA
4+6+10,3,1,1,0.476,1.5751511253266807e-6,5.009991565110841e-5,,A
7+14+17,3,1,1,0.476,1.5751511253266807e-6,5.009991565110841e-5,,NA
9+19+25+26,4,1,1,0.476,1.5751511253266807e-6,5.009991565110841e-5,,NA
14+17+25+26+32,5,1,1,0.475,1.5718419843070869e-6,4.999466372747163e-5,,NA
1+4+5+17,4,1,1,0.475,1.5718419843070869e-6,4.999466372747163e-5,,A
1+17+18+24,4,2,2,0.475,1.5718419843070869e-6,4.999466372747163e-5,,NA
17+26+36,3,1,1,0.475,1.5718419843070869e-6,4.999466372747163e-5,,NA
1+2+5+15+17,5,1,1,0.475,1.5718419843070869e-6,4.999466372747163e-5,,NA
4+14+17+25+26,5,1,1,0.475,1.5718419843070869e-6,4.999466372747163e-5,,NA
2+4+25+26,4,2,2,0.475,1.5718419843070869e-6,4.999466372747163e-5,,C
12+14+25,3,3,3,0.47400000000000003,1.568532843287493e-6,4.988941180383485e-5,,NA
12+17+23,3,2,3,0.474,1.5685328432874928e-6,4.9889411803834843e-5,,NA
1+15+25,3,2,2,0.44999999999999996,1.48911345881724e-6,4.736336563655206e-5,,NA
6+12+17+19+25+26+32,7,1,1,0.442,1.4626403306604894e-6,4.652135024745781e-5,,NA
35,1,1,1,0.442,1.4626403306604894e-6,4.652135024745781e-5,,NA
1+2+19,3,1,1,0.442,1.4626403306604894e-6,4.652135024745781e-5,,NA
8+19+25+26,4,1,1,0.442,1.4626403306604894e-6,4.652135024745781e-5,,NA
1+4+17+23,4,1,1,0.442,1.4626403306604894e-6,4.652135024745781e-5,,NA
5+24+26,3,1,1,0.442,1.4626403306604894e-6,4.652135024745781e-5,,NA
7+15,2,1,1,0.442,1.4626403306604894e-6,4.652135024745781e-5,,NA
6+9+12+19+25+26,6,1,1,0.442,1.4626403306604894e-6,4.652135024745781e-5,,NA
6+25+26+32,4,1,1,0.442,1.4626403306604894e-6,4.652135024745781e-5,,NA
9+17+25+26,4,1,1,0.442,1.4626403306604894e-6,4.652135024745781e-5,,NA
4+17+23+26,4,1,1,0.442,1.4626403306604894e-6,4.652135024745781e-5,,NA
2+20,2,1,1,0.442,1.4626403306604894e-6,4.652135024745781e-5,,C
2+5+12+25+26,5,2,2,0.44100000000000006,1.4593311896408955e-6,4.6416098323821033e-5,,C
12+17+25+32,4,2,2,0.441,1.4593311896408955e-6,4.641609832382103e-5,,NA
1+2+4+17+25+26,6,1,1,0.441,1.4593311896408955e-6,4.641609832382103e-5,,C
2+4+20,3,1,1,0.441,1.4593311896408955e-6,4.641609832382103e-5,,A
4+14+17+19+25+26,6,1,1,0.441,1.4593311896408955e-6,4.641609832382103e-5,,NA
10+12+17+25,4,1,1,0.441,1.4593311896408955e-6,4.641609832382103e-5,,A
8+12+25+26,4,4,4,0.43900000000000006,1.4527129076017079e-6,4.620559447654747e-5,,NA
12+18+26+36,4,1,1,0.415,1.3732935231314548e-6,4.3679548309264684e-5,,NA
25+27,2,2,2,0.40800000000000003,1.350129535994298e-6,4.294278484380721e-5,cordaro2018_sympathy_2,NA
4+7+12+25+26,5,1,2,0.40800000000000003,1.350129535994298e-6,4.294278484380721e-5,,A
1+5+20,3,1,1,0.408,1.3501295359942978e-6,4.294278484380721e-5,,A
17+18+26+36,4,1,1,0.408,1.3501295359942978e-6,4.294278484380721e-5,,NA
1+4+6+25+26,5,1,1,0.408,1.3501295359942978e-6,4.294278484380721e-5,,A
5+20+25+26,4,2,2,0.408,1.3501295359942978e-6,4.294278484380721e-5,fig2002_fear_27,A
9+17+19+25+26,5,1,1,0.408,1.3501295359942978e-6,4.294278484380721e-5,,NA
1+4+6+20+25+26,6,1,1,0.408,1.3501295359942978e-6,4.294278484380721e-5,,A
1+4+7+14,4,1,1,0.408,1.3501295359942978e-6,4.294278484380721e-5,,NA
4+5+12+25+26,5,1,2,0.40700000000000003,1.346820394974704e-6,4.283753292017043e-5,,B
1+4+6+23,4,1,2,0.40700000000000003,1.346820394974704e-6,4.283753292017043e-5,,NA
4+5+20+25+26,5,1,1,0.407,1.346820394974704e-6,4.2837532920170426e-5,,A
4+5+15+17,4,1,1,0.407,1.346820394974704e-6,4.2837532920170426e-5,,NA
1+4+22,3,1,1,0.407,1.346820394974704e-6,4.2837532920170426e-5,,NA
1+2+5+16+25,5,1,1,0.407,1.346820394974704e-6,4.2837532920170426e-5,,NA
12+14+25+26,4,1,1,0.407,1.346820394974704e-6,4.2837532920170426e-5,,NA
4+10+16+25,4,1,1,0.407,1.346820394974704e-6,4.2837532920170426e-5,,NA
4+17+25,3,2,4,0.404,1.3368929719159224e-6,4.252177714926008e-5,,A
1+2+5+12+18+26+36,7,1,1,0.4,1.3236564078375469e-6,4.210076945471295e-5,,NA
12+15+16,3,1,1,0.374,1.2376187413281064e-6,3.936421944015661e-5,,NA
7+9+25+26,4,1,1,0.374,1.2376187413281064e-6,3.936421944015661e-5,,NA
1+4+12+25,4,2,2,0.374,1.2376187413281064e-6,3.936421944015661e-5,,A
1+20+22,3,1,1,0.374,1.2376187413281064e-6,3.936421944015661e-5,,NA
1+4+6+8+12+25+26,7,1,1,0.374,1.2376187413281064e-6,3.936421944015661e-5,,NA
4+6+18+25,4,1,1,0.374,1.2376187413281064e-6,3.936421944015661e-5,,A
1+2+4+17,4,1,1,0.374,1.2376187413281064e-6,3.936421944015661e-5,,C
18+35,2,1,1,0.374,1.2376187413281064e-6,3.936421944015661e-5,,NA
14+17+23,3,3,3,0.374,1.2376187413281064e-6,3.936421944015661e-5,,NA
6+12+18,3,1,1,0.374,1.2376187413281064e-6,3.936421944015661e-5,,B
4+7+18,3,1,1,0.374,1.2376187413281064e-6,3.936421944015661e-5,,A
9+24,2,1,1,0.374,1.2376187413281064e-6,3.936421944015661e-5,,NA
1+2+20+26,4,1,1,0.374,1.2376187413281064e-6,3.936421944015661e-5,,C
1+2+5+10+12+25+26,7,1,1,0.374,1.2376187413281064e-6,3.936421944015661e-5,,C
17+28,2,1,1,0.373,1.2343096003085123e-6,3.9258967516519825e-5,,NA
1+2+4+15,4,1,1,0.373,1.2343096003085123e-6,3.9258967516519825e-5,,NA
1+4+5+18,4,1,1,0.373,1.2343096003085123e-6,3.9258967516519825e-5,,A
1+4+5+24,4,1,1,0.373,1.2343096003085123e-6,3.9258967516519825e-5,,NA
1+2+10+12,4,1,1,0.373,1.2343096003085123e-6,3.9258967516519825e-5,,C
2+17+20+25+26+32,6,1,1,0.373,1.2343096003085123e-6,3.9258967516519825e-5,,NA
9+18+25,3,1,1,0.373,1.2343096003085123e-6,3.9258967516519825e-5,,NA
1+2+23+25,4,1,2,0.372,1.2310004592889185e-6,3.915371559288304e-5,,NA
4+12+17+24,4,2,2,0.372,1.2310004592889185e-6,3.915371559288304e-5,,NA
1+2+5+10+12,5,1,1,0.34,1.1251079466619148e-6,3.578565403650601e-5,,C
10+16+25,3,1,1,0.34,1.1251079466619148e-6,3.578565403650601e-5,fig2002_disgust_7,NA
15+17+24,3,2,2,0.34,1.1251079466619148e-6,3.578565403650601e-5,,NA
1+15+24,3,1,1,0.34,1.1251079466619148e-6,3.578565403650601e-5,,NA
1+2+12+17+25+26+32,7,1,1,0.34,1.1251079466619148e-6,3.578565403650601e-5,,NA
1+2+13+25+26,5,1,1,0.34,1.1251079466619148e-6,3.578565403650601e-5,,NA
1+4+6+12+25,5,1,1,0.34,1.1251079466619148e-6,3.578565403650601e-5,,A
2+4+17,3,1,1,0.34,1.1251079466619148e-6,3.578565403650601e-5,,A
20+26,2,1,1,0.34,1.1251079466619148e-6,3.578565403650601e-5,,A
5+12+20,3,1,1,0.34,1.1251079466619148e-6,3.578565403650601e-5,,A
5+23+25,3,1,1,0.34,1.1251079466619148e-6,3.578565403650601e-5,,NA
1+5+22+25+26,5,1,1,0.34,1.1251079466619148e-6,3.578565403650601e-5,,NA
10+12+20+25+26,5,1,1,0.34,1.1251079466619148e-6,3.578565403650601e-5,,A
5+20+25,3,2,2,0.33999999999999997,1.1251079466619148e-6,3.5785654036506e-5,fig2002_fear_24,A
1+4+5+18+25,5,1,1,0.339,1.121798805642321e-6,3.568040211286923e-5,,A
1+2+4+20+25,5,1,2,0.339,1.121798805642321e-6,3.568040211286923e-5,du2014_fear_2,C
8+14+26,3,1,1,0.339,1.121798805642321e-6,3.568040211286923e-5,,NA
7+20,2,1,1,0.339,1.121798805642321e-6,3.568040211286923e-5,,A
1+2+7+12+25,5,1,1,0.339,1.121798805642321e-6,3.568040211286923e-5,,C
1+2+4+25+26,5,1,1,0.339,1.121798805642321e-6,3.568040211286923e-5,,C
1+2+4+12+18+25+26,7,1,1,0.339,1.121798805642321e-6,3.568040211286923e-5,,C
1+4+6+25,4,1,1,0.339,1.121798805642321e-6,3.568040211286923e-5,,A
1+12+24,3,1,1,0.339,1.121798805642321e-6,3.568040211286923e-5,,NA
2+10+20+25,4,1,1,0.339,1.121798805642321e-6,3.568040211286923e-5,,C
1+8+25+26,4,2,2,0.338,1.1184896646227271e-6,3.557515018923245e-5,,NA
11+15+25,3,1,2,0.30600000000000005,1.0125971519957234e-6,3.2207088632855414e-5,"fig2002_sadness_42
fig2002_sadness_46",NA
4+7+20,3,1,1,0.306,1.0125971519957234e-6,3.220708863285541e-5,,A
10+12+25+26,4,1,1,0.306,1.0125971519957234e-6,3.220708863285541e-5,,B
4+5+18,3,1,1,0.306,1.0125971519957234e-6,3.220708863285541e-5,,A
4+15+17+24,4,1,1,0.306,1.0125971519957234e-6,3.220708863285541e-5,,NA
4+12+14+25+26,5,1,1,0.306,1.0125971519957234e-6,3.220708863285541e-5,,NA
1+2+5+12+20+25+26,7,1,1,0.306,1.0125971519957234e-6,3.220708863285541e-5,,C
12+25+32,3,2,2,0.30500000000000005,1.0092880109761296e-6,3.210183670921863e-5,,NA
18+19+25+26,4,2,2,0.30500000000000005,1.0092880109761296e-6,3.210183670921863e-5,,NA
1+2+5+22+25,5,1,1,0.305,1.0092880109761294e-6,3.210183670921862e-5,,NA
1+2+4+5+25+27,6,1,1,0.305,1.0092880109761294e-6,3.210183670921862e-5,fig2002_fear_10,NA
4+12+17+23,4,1,1,0.305,1.0092880109761294e-6,3.210183670921862e-5,,NA
2+5+18,3,1,1,0.305,1.0092880109761294e-6,3.210183670921862e-5,,C
4+26,2,1,1,0.305,1.0092880109761294e-6,3.210183670921862e-5,,A
5+12+16,3,1,1,0.305,1.0092880109761294e-6,3.210183670921862e-5,,NA
1+2+24+26,4,1,1,0.305,1.0092880109761294e-6,3.210183670921862e-5,,NA
4+14+17+23,4,1,1,0.305,1.0092880109761294e-6,3.210183670921862e-5,,NA
4+7+13+25,4,1,1,0.305,1.0092880109761294e-6,3.210183670921862e-5,,NA
1+5+18+26,4,1,1,0.305,1.0092880109761294e-6,3.210183670921862e-5,,C
18+23,2,2,2,0.30400000000000005,1.0059788699565358e-6,3.1996584785581846e-5,,NA
9+17+24,3,1,2,0.30400000000000005,1.0059788699565358e-6,3.1996584785581846e-5,,NA
6+14,2,2,2,0.30400000000000005,1.0059788699565358e-6,3.1996584785581846e-5,,NA
1+4+6+17+20,5,1,1,0.272,9.00086357329532e-7,2.862852322920481e-5,,A
7+19+25+26,4,1,1,0.272,9.00086357329532e-7,2.862852322920481e-5,,NA
7+15+25,3,1,1,0.272,9.00086357329532e-7,2.862852322920481e-5,,NA
5+12+17+26,4,1,1,0.272,9.00086357329532e-7,2.862852322920481e-5,,B
1+17+23,3,1,1,0.272,9.00086357329532e-7,2.862852322920481e-5,,NA
1+2+15+26,4,1,1,0.272,9.00086357329532e-7,2.862852322920481e-5,,NA
4+10+15+38,4,1,1,0.272,9.00086357329532e-7,2.862852322920481e-5,,NA
6+9+24,3,1,1,0.272,9.00086357329532e-7,2.862852322920481e-5,,NA
1+2+18+26,4,1,1,0.272,9.00086357329532e-7,2.862852322920481e-5,,C
12+17+24+34,4,1,2,0.272,9.00086357329532e-7,2.862852322920481e-5,,NA
4+25+26+30,4,1,1,0.272,9.00086357329532e-7,2.862852322920481e-5,,NA
4+6+23,3,1,1,0.272,9.00086357329532e-7,2.862852322920481e-5,,NA
1+2+17+25,4,1,1,0.272,9.00086357329532e-7,2.862852322920481e-5,,C
1+12+18+25,4,1,1,0.272,9.00086357329532e-7,2.862852322920481e-5,,C
4+10+12+25,4,1,1,0.272,9.00086357329532e-7,2.862852322920481e-5,,A
6+12+19+25,4,1,1,0.271,8.96777216309938e-7,2.8523271305568026e-5,,NA
1+2+5+7+19+25+26,7,1,1,0.271,8.96777216309938e-7,2.8523271305568026e-5,,NA
5+8+25+27,4,1,1,0.271,8.96777216309938e-7,2.8523271305568026e-5,,NA
1+2+17+22,4,1,1,0.271,8.96777216309938e-7,2.8523271305568026e-5,,NA
4+7+17+24,4,1,1,0.271,8.96777216309938e-7,2.8523271305568026e-5,"du2014_anger_3
fig2002_anger_48",NA
4+14+27,3,1,1,0.271,8.96777216309938e-7,2.8523271305568026e-5,,NA
4+17+20+25,4,1,2,0.271,8.96777216309938e-7,2.8523271305568026e-5,,A
4+6+15,3,1,1,0.271,8.96777216309938e-7,2.8523271305568026e-5,du2014_sadness_3,NA
1+2+4+12+17,5,1,1,0.271,8.96777216309938e-7,2.8523271305568026e-5,,C
1+2+14+17+19,5,1,1,0.271,8.96777216309938e-7,2.8523271305568026e-5,,NA
15+16+25+26,4,1,1,0.271,8.96777216309938e-7,2.8523271305568026e-5,,NA
9+20+25,3,2,2,0.271,8.96777216309938e-7,2.8523271305568026e-5,,NA
4+17+36,3,1,1,0.271,8.96777216309938e-7,2.8523271305568026e-5,,NA
1+4+18+24,4,1,1,0.271,8.96777216309938e-7,2.8523271305568026e-5,,NA
1+11+15+17,4,1,1,0.271,8.96777216309938e-7,2.8523271305568026e-5,,NA
34,1,2,2,0.27,8.934680752903442e-7,2.8418019381931242e-5,,NA
1+2+17+20+25,5,2,2,0.27,8.934680752903442e-7,2.8418019381931242e-5,,C
7+16+25,3,1,2,0.265,8.769223701923748e-7,2.7891759763747332e-5,,NA
1+6+25,3,2,3,0.238,7.875755626633404e-7,2.5049957825554206e-5,,A
28,1,1,1,0.238,7.875755626633404e-7,2.5049957825554206e-5,,NA
17+22+25,3,2,2,0.238,7.875755626633404e-7,2.5049957825554206e-5,,NA
4+5+17+18,4,1,1,0.238,7.875755626633404e-7,2.5049957825554206e-5,,A
1+2+17+19+25+26,6,2,2,0.238,7.875755626633404e-7,2.5049957825554206e-5,,NA
1+2+5+21+25+26,6,1,1,0.238,7.875755626633404e-7,2.5049957825554206e-5,,NA
13+25,2,1,1,0.238,7.875755626633404e-7,2.5049957825554206e-5,,NA
7+17+23,3,1,1,0.238,7.875755626633404e-7,2.5049957825554206e-5,,NA
1+2+4+5+22,5,1,1,0.238,7.875755626633404e-7,2.5049957825554206e-5,,NA
6+10+25+26,4,1,1,0.238,7.875755626633404e-7,2.5049957825554206e-5,,A
15+23,2,1,1,0.238,7.875755626633404e-7,2.5049957825554206e-5,,NA
17+24+32,3,1,1,0.238,7.875755626633404e-7,2.5049957825554206e-5,,NA
17+26,2,1,1,0.238,7.875755626633404e-7,2.5049957825554206e-5,,A
1+2+5+14+17+19+25+26,8,1,1,0.237,7.842664216437464e-7,2.4944705901917422e-5,,NA
1+2+5+12+22+25+26,7,1,1,0.237,7.842664216437464e-7,2.4944705901917422e-5,,NA
7+23,2,1,1,0.237,7.842664216437464e-7,2.4944705901917422e-5,,NA
1+12+22,3,1,1,0.237,7.842664216437464e-7,2.4944705901917422e-5,,NA
1+2+4+5,4,1,1,0.237,7.842664216437464e-7,2.4944705901917422e-5,fig2002_fear_16,C
12+22+25+26,4,1,1,0.237,7.842664216437464e-7,2.4944705901917422e-5,,NA
1+4+6+8+25+26,6,1,1,0.237,7.842664216437464e-7,2.4944705901917422e-5,,NA
6+10+12+25+26,5,1,1,0.237,7.842664216437464e-7,2.4944705901917422e-5,,B
1+15+25+26,4,1,1,0.237,7.842664216437464e-7,2.4944705901917422e-5,,NA
1+4+6+20+25,5,1,1,0.237,7.842664216437464e-7,2.4944705901917422e-5,,A
13+17+25+26,4,1,1,0.237,7.842664216437464e-7,2.4944705901917422e-5,,NA
5+12+18,3,1,1,0.237,7.842664216437464e-7,2.4944705901917422e-5,,A
1+14+18+25,4,1,1,0.237,7.842664216437464e-7,2.4944705901917422e-5,,NA
17+18+23,3,1,1,0.237,7.842664216437464e-7,2.4944705901917422e-5,,NA
6+20+25+26,4,1,1,0.237,7.842664216437464e-7,2.4944705901917422e-5,,A
1+15+18+25,4,1,1,0.237,7.842664216437464e-7,2.4944705901917422e-5,,NA
4+10+17+25+32,5,1,1,0.237,7.842664216437464e-7,2.4944705901917422e-5,,NA
2+10+16+20+25,5,1,1,0.237,7.842664216437464e-7,2.4944705901917422e-5,,NA
4+25+26+32,4,2,2,0.20400000000000001,6.75064767997149e-7,2.1471392421903605e-5,,NA
5+6+12+25+26,5,1,1,0.204,6.750647679971489e-7,2.1471392421903605e-5,,B
17+25+33,3,1,1,0.204,6.750647679971489e-7,2.1471392421903605e-5,,NA
5+9+25+26,4,1,1,0.204,6.750647679971489e-7,2.1471392421903605e-5,,NA
18+24+26,3,1,1,0.204,6.750647679971489e-7,2.1471392421903605e-5,,NA
1+2+7+12+25+26,6,1,1,0.204,6.750647679971489e-7,2.1471392421903605e-5,,C
5+12+17+25+26+32,6,1,1,0.204,6.750647679971489e-7,2.1471392421903605e-5,,NA
4+17+25+26,4,2,2,0.204,6.750647679971489e-7,2.1471392421903605e-5,,A
1+2+17+18+25,5,1,1,0.204,6.750647679971489e-7,2.1471392421903605e-5,,C
18+26+35,3,1,1,0.204,6.750647679971489e-7,2.1471392421903605e-5,,NA
1+17+20+25,4,1,1,0.204,6.750647679971489e-7,2.1471392421903605e-5,,A
36,1,1,1,0.204,6.750647679971489e-7,2.1471392421903605e-5,,NA
4+13+25+26,4,1,1,0.204,6.750647679971489e-7,2.1471392421903605e-5,,NA
1+2+9+25,4,1,1,0.204,6.750647679971489e-7,2.1471392421903605e-5,,NA
4+7+17+18+25,5,1,1,0.204,6.750647679971489e-7,2.1471392421903605e-5,,A
17+26+32,3,1,1,0.203,6.71755626977555e-7,2.1366140498266824e-5,,NA
2+5,2,1,1,0.203,6.71755626977555e-7,2.1366140498266824e-5,,C
1+2+14+17+26+32,6,1,1,0.203,6.71755626977555e-7,2.1366140498266824e-5,,NA
5+22,2,1,1,0.203,6.71755626977555e-7,2.1366140498266824e-5,,NA
5+26+32,3,1,1,0.203,6.71755626977555e-7,2.1366140498266824e-5,,NA
4+6+18,3,1,1,0.203,6.71755626977555e-7,2.1366140498266824e-5,,A
10+12+25,3,1,1,0.203,6.71755626977555e-7,2.1366140498266824e-5,,B
4+8+12,3,1,1,0.203,6.71755626977555e-7,2.1366140498266824e-5,,NA
5+16,2,1,1,0.203,6.71755626977555e-7,2.1366140498266824e-5,,NA
1+4+16+25,4,1,1,0.203,6.71755626977555e-7,2.1366140498266824e-5,,NA
4+17+25+26+32,5,1,1,0.203,6.71755626977555e-7,2.1366140498266824e-5,,NA
1+2+5+14+19+25+26,7,1,1,0.203,6.71755626977555e-7,2.1366140498266824e-5,,NA
15+17+19+25+26,5,1,1,0.203,6.71755626977555e-7,2.1366140498266824e-5,,NA
1+5+7,3,1,1,0.203,6.71755626977555e-7,2.1366140498266824e-5,,A
1+2+12+18+25+26,6,1,1,0.203,6.71755626977555e-7,2.1366140498266824e-5,,C
18+20+25+26,4,1,1,0.17,5.625539733309574e-7,1.7892827018253004e-5,,A
1+4+7,3,1,1,0.17,5.625539733309574e-7,1.7892827018253004e-5,,A
2+20+24,3,1,1,0.17,5.625539733309574e-7,1.7892827018253004e-5,,NA
5+15+17+26,4,1,1,0.17,5.625539733309574e-7,1.7892827018253004e-5,,NA
2+17+23,3,1,1,0.17,5.625539733309574e-7,1.7892827018253004e-5,,NA
6+7+12+25+26,5,1,1,0.17,5.625539733309574e-7,1.7892827018253004e-5,"cordaro2018_triumph_1
keltner2019_amusement_1
keltner2019_coyness_1
keltner2019_happiness_1",B
10+16,2,1,1,0.17,5.625539733309574e-7,1.7892827018253004e-5,,NA
4+5+17,3,1,1,0.17,5.625539733309574e-7,1.7892827018253004e-5,,A
1+2+5+10+11,5,1,1,0.17,5.625539733309574e-7,1.7892827018253004e-5,,NA
2+5+25,3,1,1,0.17,5.625539733309574e-7,1.7892827018253004e-5,,C
1+14+25,3,1,1,0.17,5.625539733309574e-7,1.7892827018253004e-5,,NA
14+17+25,3,1,1,0.17,5.625539733309574e-7,1.7892827018253004e-5,,NA
1+4+11+25,4,1,1,0.17,5.625539733309574e-7,1.7892827018253004e-5,"fig2002_sadness_26
fig2002_sadness_30",NA
4+17+22+25,4,1,1,0.17,5.625539733309574e-7,1.7892827018253004e-5,,NA
17+20+25,3,1,1,0.169,5.592448323113636e-7,1.7787575094616223e-5,,A
8+25,2,1,1,0.169,5.592448323113636e-7,1.7787575094616223e-5,,NA
4+9+25+26,4,1,1,0.169,5.592448323113636e-7,1.7787575094616223e-5,,NA
4+12+17+25+26+32,6,1,1,0.169,5.592448323113636e-7,1.7787575094616223e-5,,NA
20+25+26+32,4,2,2,0.169,5.592448323113636e-7,1.7787575094616223e-5,,NA
4+5+10+25+26,5,1,1,0.169,5.592448323113636e-7,1.7787575094616223e-5,,A
4+15+17+23,4,2,2,0.169,5.592448323113636e-7,1.7787575094616223e-5,,NA
1+15+17+24,4,1,1,0.169,5.592448323113636e-7,1.7787575094616223e-5,,NA
4+6+20+25+26,5,1,1,0.169,5.592448323113636e-7,1.7787575094616223e-5,,A
4+14+23,3,1,1,0.169,5.592448323113636e-7,1.7787575094616223e-5,,NA
4+5+14+19+25+26,6,1,1,0.169,5.592448323113636e-7,1.7787575094616223e-5,,NA
23+26,2,1,1,0.169,5.592448323113636e-7,1.7787575094616223e-5,,NA
19,1,2,2,0.168,5.559356912917697e-7,1.768232317097944e-5,,NA
1+2+5+23,4,1,2,0.168,5.559356912917697e-7,1.768232317097944e-5,,NA
7+18+25,3,2,2,0.14800000000000002,4.897528708998924e-7,1.5577284698243794e-5,,A
1+2+4+6+12+25,6,1,1,0.136,4.50043178664766e-7,1.4314261614602405e-5,,C
5+12+18+25+26,5,1,1,0.136,4.50043178664766e-7,1.4314261614602405e-5,,B
9+10+25+26,4,1,1,0.136,4.50043178664766e-7,1.4314261614602405e-5,matsumoto2008_disgust_12,NA
4+12+18+25,4,1,1,0.136,4.50043178664766e-7,1.4314261614602405e-5,,A
1+5+23+25,4,1,1,0.136,4.50043178664766e-7,1.4314261614602405e-5,,NA
15+24,2,1,1,0.136,4.50043178664766e-7,1.4314261614602405e-5,,NA
1+2+8+12,4,1,1,0.136,4.50043178664766e-7,1.4314261614602405e-5,,NA
2+20+25+26,4,1,1,0.136,4.50043178664766e-7,1.4314261614602405e-5,,C
1+4+14+18,4,1,1,0.136,4.50043178664766e-7,1.4314261614602405e-5,,NA
1+2+5+18+26,5,1,1,0.136,4.50043178664766e-7,1.4314261614602405e-5,,C
1+12+17+25,4,1,1,0.136,4.50043178664766e-7,1.4314261614602405e-5,,A
19+20+25+26,4,1,1,0.136,4.50043178664766e-7,1.4314261614602405e-5,,NA
7+14+24,3,1,1,0.136,4.50043178664766e-7,1.4314261614602405e-5,,NA
1+2+12+20,4,2,2,0.136,4.50043178664766e-7,1.4314261614602405e-5,,C
9+22+25,3,1,1,0.136,4.50043178664766e-7,1.4314261614602405e-5,,NA
10+17+18+19+25+26,6,1,1,0.135,4.467340376451721e-7,1.4209009690965621e-5,,NA
1+2+5+17+19+25+26,7,1,1,0.135,4.467340376451721e-7,1.4209009690965621e-5,,NA
1+2+5+6+17+19+25+26,8,1,1,0.135,4.467340376451721e-7,1.4209009690965621e-5,,NA
1+2+4+5+12,5,1,1,0.135,4.467340376451721e-7,1.4209009690965621e-5,,C
13+17+19+25+26,5,1,1,0.135,4.467340376451721e-7,1.4209009690965621e-5,,NA
1+16+25,3,1,1,0.135,4.467340376451721e-7,1.4209009690965621e-5,,NA
1+2+18+20+25,5,1,1,0.135,4.467340376451721e-7,1.4209009690965621e-5,,C
1+2+4+12+17+25+26,7,1,1,0.135,4.467340376451721e-7,1.4209009690965621e-5,,C
17+18+25+26,4,1,1,0.135,4.467340376451721e-7,1.4209009690965621e-5,,A
1+2+4+12+25+26,6,1,1,0.135,4.467340376451721e-7,1.4209009690965621e-5,,C
12+22+25,3,1,1,0.135,4.467340376451721e-7,1.4209009690965621e-5,,NA
4+20+23,3,1,1,0.135,4.467340376451721e-7,1.4209009690965621e-5,,NA
20+25+26+36,4,1,1,0.135,4.467340376451721e-7,1.4209009690965621e-5,,NA
8+12+17+25+26,5,1,1,0.135,4.467340376451721e-7,1.4209009690965621e-5,,NA
1+4+8+20+25+26,6,1,1,0.135,4.467340376451721e-7,1.4209009690965621e-5,,NA
17+23+26,3,1,1,0.135,4.467340376451721e-7,1.4209009690965621e-5,,NA
1+2+15+16+25,5,1,1,0.135,4.467340376451721e-7,1.4209009690965621e-5,,NA
1+2+15+17,4,1,1,0.135,4.467340376451721e-7,1.4209009690965621e-5,,NA
8+20+25,3,1,1,0.112,3.7062379419451314e-7,1.1788215447319627e-5,,NA
2+4+16+25,4,1,1,0.102,3.3753238399857444e-7,1.0735696210951802e-5,,NA
6+22+25,3,1,1,0.102,3.3753238399857444e-7,1.0735696210951802e-5,,NA
7+20+25+26,4,1,1,0.102,3.3753238399857444e-7,1.0735696210951802e-5,,A
4+5+17+24,4,1,1,0.102,3.3753238399857444e-7,1.0735696210951802e-5,fig2002_anger_49,NA
6+9,2,1,1,0.102,3.3753238399857444e-7,1.0735696210951802e-5,,NA
4+6+24,3,1,1,0.102,3.3753238399857444e-7,1.0735696210951802e-5,,NA
1+2+24+26+30,5,1,1,0.102,3.3753238399857444e-7,1.0735696210951802e-5,,NA
12+17+25+26+33,5,1,1,0.102,3.3753238399857444e-7,1.0735696210951802e-5,,NA
1+11,2,1,1,0.102,3.3753238399857444e-7,1.0735696210951802e-5,,NA
1+2+9+12+25+26,6,1,1,0.102,3.3753238399857444e-7,1.0735696210951802e-5,,NA
4+5+22,3,1,1,0.102,3.3753238399857444e-7,1.0735696210951802e-5,,NA
1+2+7+24,4,1,1,0.102,3.3753238399857444e-7,1.0735696210951802e-5,,NA
1+17+25+26+32,5,1,1,0.102,3.3753238399857444e-7,1.0735696210951802e-5,,NA
4+15+25+26+32,5,1,1,0.102,3.3753238399857444e-7,1.0735696210951802e-5,,NA
4+16+23+25,4,1,1,0.102,3.3753238399857444e-7,1.0735696210951802e-5,,NA
1+2+17+24+26,5,1,1,0.102,3.3753238399857444e-7,1.0735696210951802e-5,,NA
4+12+17+20+25+26,6,1,1,0.102,3.3753238399857444e-7,1.0735696210951802e-5,,A
4+10+18+25,4,1,1,0.102,3.3753238399857444e-7,1.0735696210951802e-5,,A
1+2+5+10+25+26,6,1,1,0.102,3.3753238399857444e-7,1.0735696210951802e-5,,C
12+17+20+25,4,1,1,0.102,3.3753238399857444e-7,1.0735696210951802e-5,,A
1+4+12+20+25,5,1,1,0.102,3.3753238399857444e-7,1.0735696210951802e-5,,A
4+16,2,1,1,0.102,3.3753238399857444e-7,1.0735696210951802e-5,,NA
9+25+36,3,1,1,0.102,3.3753238399857444e-7,1.0735696210951802e-5,,NA
4+5+18+25,4,1,1,0.102,3.3753238399857444e-7,1.0735696210951802e-5,,A
1+2+4+5+17,5,1,1,0.102,3.3753238399857444e-7,1.0735696210951802e-5,,C
1+2+5+26,4,1,1,0.101,3.342232429789806e-7,1.063044428731502e-5,"fig2002_surprise_1
fig2002_fear_19
matsumoto2008_surprise_1
matsumoto2008_surprise_2
matsumoto2008_surprise_3",C
1+2+4+5+7+10+20+25,8,1,1,0.101,3.342232429789806e-7,1.063044428731502e-5,,C
1+2+4+5+7,5,1,1,0.101,3.342232429789806e-7,1.063044428731502e-5,,C
5+12+20+25,4,1,1,0.101,3.342232429789806e-7,1.063044428731502e-5,,A
1+2+8+17+25+26,6,1,1,0.101,3.342232429789806e-7,1.063044428731502e-5,,NA
1+2+15+22,4,1,1,0.101,3.342232429789806e-7,1.063044428731502e-5,,NA
8+26+36,3,1,1,0.101,3.342232429789806e-7,1.063044428731502e-5,,NA
17+18+24,3,1,1,0.101,3.342232429789806e-7,1.063044428731502e-5,,NA
1+2+12+25+32,5,1,1,0.101,3.342232429789806e-7,1.063044428731502e-5,,NA
12+22,2,1,1,0.101,3.342232429789806e-7,1.063044428731502e-5,,NA
10+17+24,3,1,1,0.068,2.25021589332383e-7,7.1571308073012025e-6,,NA
7+12+17+25,4,1,1,0.068,2.25021589332383e-7,7.1571308073012025e-6,,A
5+12+24+34,4,1,1,0.068,2.25021589332383e-7,7.1571308073012025e-6,,NA
1+2+5+24+26,5,1,1,0.068,2.25021589332383e-7,7.1571308073012025e-6,,NA
8+19+20+25+26,5,1,1,0.068,2.25021589332383e-7,7.1571308073012025e-6,,NA
1+2+10+17,4,1,1,0.068,2.25021589332383e-7,7.1571308073012025e-6,,C
25+26+30,3,1,1,0.068,2.25021589332383e-7,7.1571308073012025e-6,,NA
1+2+5+12+18+25,6,1,1,0.068,2.25021589332383e-7,7.1571308073012025e-6,,C
1+2+5+22,4,1,1,0.068,2.25021589332383e-7,7.1571308073012025e-6,,NA
20+24,2,1,1,0.068,2.25021589332383e-7,7.1571308073012025e-6,,NA
12+17+25+26+36,5,1,1,0.068,2.25021589332383e-7,7.1571308073012025e-6,,NA
1+2+17+25+26+32,6,1,1,0.068,2.25021589332383e-7,7.1571308073012025e-6,,NA
10+17+20,3,1,1,0.068,2.25021589332383e-7,7.1571308073012025e-6,,A
4+8+12+17+25+26,6,1,1,0.068,2.25021589332383e-7,7.1571308073012025e-6,,NA
5+15,2,1,1,0.068,2.25021589332383e-7,7.1571308073012025e-6,,NA
6+9+25+26,4,1,1,0.068,2.25021589332383e-7,7.1571308073012025e-6,,NA
4+5+14+17+25+26,6,1,1,0.068,2.25021589332383e-7,7.1571308073012025e-6,,NA
4+10+20+25+26,5,1,1,0.068,2.25021589332383e-7,7.1571308073012025e-6,,A
1+6+12+25,4,1,1,0.068,2.25021589332383e-7,7.1571308073012025e-6,,B
4+14+24,3,1,1,0.068,2.25021589332383e-7,7.1571308073012025e-6,,NA
1+2+12+15+17+25+26,7,1,1,0.068,2.25021589332383e-7,7.1571308073012025e-6,,NA
10+16+25+26,4,1,1,0.067,2.217124483127891e-7,7.051878883664419e-6,fig2002_disgust_9,NA
7+8+25+26,4,1,1,0.067,2.217124483127891e-7,7.051878883664419e-6,,NA
1+2+5+17+20,5,1,1,0.067,2.217124483127891e-7,7.051878883664419e-6,,C
4+13+17,3,1,1,0.067,2.217124483127891e-7,7.051878883664419e-6,,NA
10+22+25,3,1,1,0.067,2.217124483127891e-7,7.051878883664419e-6,,NA
1+2+12+17+18+25,6,1,1,0.067,2.217124483127891e-7,7.051878883664419e-6,,C
7+8+12+25+26,5,1,1,0.067,2.217124483127891e-7,7.051878883664419e-6,,NA
17+19,2,1,1,0.034,1.125107946661915e-7,3.5785654036506012e-6,,NA
6+12+15,3,1,1,0.034,1.125107946661915e-7,3.5785654036506012e-6,,NA
1+2+12+17+18,5,1,1,0.034,1.125107946661915e-7,3.5785654036506012e-6,,C
1+23+25,3,1,1,0.034,1.125107946661915e-7,3.5785654036506012e-6,,NA
5+10+25,3,1,1,0.034,1.125107946661915e-7,3.5785654036506012e-6,,A
26+35,2,1,1,0.034,1.125107946661915e-7,3.5785654036506012e-6,,NA
4+12+22+25,4,1,1,0.034,1.125107946661915e-7,3.5785654036506012e-6,,NA
1+2+13+24,4,1,1,0.034,1.125107946661915e-7,3.5785654036506012e-6,,NA
4+10+17+36,4,1,1,0.034,1.125107946661915e-7,3.5785654036506012e-6,,NA
1+17+25,3,1,1,0.034,1.125107946661915e-7,3.5785654036506012e-6,,A
1+6+20+25+26,5,1,1,0.034,1.125107946661915e-7,3.5785654036506012e-6,,A
1+2+5+17+25+32,6,1,1,0.033,1.0920165364659762e-7,3.4733134800138185e-6,,NA
1+2+5+17+20+25,6,1,1,0.033,1.0920165364659762e-7,3.4733134800138185e-6,,C
5+12+18+25,4,1,1,0.033,1.0920165364659762e-7,3.4733134800138185e-6,,A
1+2+16+25,4,1,1,0.021,6.949196141147122e-8,2.21029039637243e-6,,NA
